val_loss,epoch,step
6.463292121887207,0,1243
6.4634833335876465,1,2487
6.461989402770996,2,3731
