val_loss,epoch,step
6.462406158447266,0,1243
6.462301254272461,1,2487
