val_loss,epoch,step
6.520281791687012,0,1243
6.4871673583984375,1,2487
6.476262092590332,2,3731
