val_loss,epoch,step
6.466670989990234,0,1243
6.464804172515869,1,2487
